City_ID,City,Country,Lat,Lng,Max Temp,Humidity,Cloudiness,Wind Speed,Current Description
0,Samarai,PG,-10.6167,150.6667,86.76,67,100,14.14,overcast clouds
1,Los Llanos De Aridane,ES,28.6585,-17.9182,56.95,77,20,6.91,few clouds
2,Nishihara,JP,26.1842,127.7558,76.68,97,100,24.16,mist
3,Morondava,MG,-20.2833,44.2833,77.67,90,8,5.59,clear sky
4,Oranjemund,NA,-28.55,16.4333,56.39,95,1,2.66,clear sky
5,Horsham,GB,51.064,-0.3272,47.53,75,0,4.61,clear sky
6,Tuktoyaktuk,CA,69.4541,-133.0374,-7.6,71,0,17.27,clear sky
7,Barrow,US,71.2906,-156.7887,1.42,78,100,24.16,overcast clouds
8,Airai,TL,-8.9266,125.4092,70.86,67,80,1.81,broken clouds
9,Hamilton,US,39.1834,-84.5333,44.98,82,100,9.22,light rain
10,Ballina,AU,-28.8667,153.5667,73.58,96,100,6.78,overcast clouds
11,Bluff,NZ,-46.6,168.3333,60.31,75,100,10.76,overcast clouds
12,Janauba,BR,-15.8025,-43.3089,75.61,60,81,4.23,broken clouds
13,Saint George,US,37.1041,-113.5841,85.62,11,0,11.5,clear sky
14,Plettenberg Bay,ZA,-34.0527,23.3716,62.46,81,100,7.65,overcast clouds
15,Mokshan,RU,53.4365,44.6132,31.19,84,100,9.4,overcast clouds
16,Puerto Ayora,EC,-0.7393,-90.3518,77.81,85,54,5.14,light rain
17,Mount Isa,AU,-20.7333,139.5,91.17,33,0,5.75,clear sky
18,Cape Town,ZA,-33.9258,18.4232,62.28,69,0,6.91,clear sky
19,Hobart,AU,-42.8794,147.3294,72.05,62,20,5.75,few clouds
20,Busselton,AU,-33.65,115.3333,66.83,86,100,13.2,overcast clouds
21,Hermanus,ZA,-34.4187,19.2345,59.81,77,99,14.03,overcast clouds
22,Arraial Do Cabo,BR,-22.9661,-42.0278,76.96,94,0,11.5,clear sky
23,Bud,US,39.447,-86.1758,46.42,76,100,17.11,light rain
24,Loikaw,MM,19.6742,97.2094,73.54,49,10,1.5,clear sky
25,Punta Arenas,CL,-53.15,-70.9167,55.51,62,75,20.71,broken clouds
26,Stornoway,GB,58.2093,-6.3865,48.16,82,100,4.61,overcast clouds
27,Mataura,NZ,-46.1927,168.8643,60.6,78,99,4.59,overcast clouds
28,Yellowknife,CA,62.456,-114.3525,-2.7,54,0,6.91,clear sky
29,Mora,CM,11.0461,14.1401,74.82,17,95,3.6,overcast clouds
30,Ardakan,IR,32.31,54.0175,59.68,16,0,11.07,clear sky
31,Rikitea,PF,-23.1203,-134.9692,79.81,72,15,16.42,light rain
32,Chokurdakh,RU,70.6333,147.9167,2.34,96,100,14.43,light snow
33,Mushie,CD,-3.0167,16.9,74.19,90,99,2.39,overcast clouds
34,Bambous Virieux,MU,-20.3428,57.7575,77.22,94,40,4.61,light rain
35,Shebalino,RU,51.2917,85.6772,18.5,76,97,8.9,overcast clouds
36,Manadhoo,MV,5.7667,73.3833,81.12,66,0,3.38,clear sky
37,Pandan,PH,14.0453,124.1694,84.13,71,17,10.13,few clouds
38,Camabatela,AO,-8.1881,15.375,62.47,97,100,1.03,light rain
39,Te Anau,NZ,-45.4167,167.7167,66.02,56,17,1.86,few clouds
40,Tasiilaq,GL,65.6145,-37.6368,19.56,93,100,7.67,overcast clouds
41,Atuona,PF,-9.8,-139.0333,79.16,81,90,19.37,light rain
42,San Patricio,US,28.017,-97.5169,75.29,42,0,10.6,clear sky
43,Taltal,CL,-25.4,-70.4833,66.04,76,13,4.74,few clouds
44,Snezhnogorsk,RU,69.1933,33.2531,20.98,74,100,15.03,overcast clouds
45,Rahuri,IN,19.3833,74.65,80.02,39,51,4.32,broken clouds
46,San Pedro,PH,14.35,121.0167,89.35,67,40,5.75,scattered clouds
47,Bandrele,YT,-12.9067,45.1914,80.35,89,0,4.61,clear sky
48,Shemgang,BT,27.2169,90.6579,50.49,75,0,4.07,clear sky
49,San Carlos De Bariloche,AR,-41.1456,-71.3082,51.55,50,0,9.22,clear sky
50,Saskylakh,RU,71.9167,114.0833,-11.96,100,100,2.19,overcast clouds
51,Port Alfred,ZA,-33.5906,26.891,63.68,83,18,4.81,few clouds
52,Kamir,PK,30.4333,73.05,67.46,27,0,4.21,clear sky
53,Thunder Bay,CA,48.4001,-89.3168,30.29,72,100,23.02,overcast clouds
54,Jamestown,US,42.097,-79.2353,38.71,70,100,6.91,overcast clouds
55,Natal,BR,-5.795,-35.2094,79.45,89,40,12.66,scattered clouds
56,Dwarka,IN,22.2394,68.9678,77.45,73,74,8.95,broken clouds
57,Ushuaia,AR,-54.8,-68.3,49.66,76,75,6.91,broken clouds
58,Lompoc,US,34.6391,-120.4579,68.14,83,0,11.5,clear sky
59,Mar Del Plata,AR,-38.0023,-57.5575,65.08,95,100,17.0,drizzle
60,Vitim,RU,59.4511,112.5578,17.94,90,98,2.82,overcast clouds
61,Sitka,US,57.0531,-135.33,44.49,65,75,6.91,broken clouds
62,Cockburn Town,TC,21.4612,-71.1419,78.15,71,64,19.1,broken clouds
63,Whitehorse,CA,60.7161,-135.0538,39.97,48,75,17.27,broken clouds
64,Albany,US,42.6001,-73.9662,46.63,72,99,1.01,overcast clouds
65,Molde,NO,62.7375,7.1591,38.79,87,100,6.91,overcast clouds
66,Hofn,IS,64.2539,-15.2082,37.15,83,100,11.81,overcast clouds
67,Butaritari,KI,3.0707,172.7902,80.26,76,92,9.35,overcast clouds
68,New Norfolk,AU,-42.7826,147.0587,71.71,41,5,2.13,clear sky
69,Iquique,CL,-20.2208,-70.1431,66.24,75,19,1.3,few clouds
70,Nikolskoye,RU,59.7035,30.7861,39.87,88,100,13.06,overcast clouds
71,Itacoatiara,BR,-3.1431,-58.4442,76.05,89,60,0.78,broken clouds
72,Ryotsu,JP,38.0833,138.4333,51.75,72,100,7.2,light rain
73,Shagonar,RU,51.5333,92.8,5.88,89,100,1.23,overcast clouds
74,Bethel,US,41.3712,-73.414,50.76,64,100,5.75,overcast clouds
75,Lensk,RU,60.7253,114.9278,21.29,86,100,1.14,overcast clouds
76,Kapaa,US,22.0752,-159.319,80.58,66,40,17.27,scattered clouds
77,Metsavan,AM,41.2016,44.2288,13.75,83,11,7.67,few clouds
78,Venado Tuerto,AR,-33.7456,-61.9688,61.77,74,100,12.3,overcast clouds
79,Saint-Philippe,RE,-21.3585,55.7679,74.21,84,22,7.02,few clouds
80,Mandera,KE,3.9366,41.867,81.18,65,98,5.68,light rain
81,Thompson,CA,55.7435,-97.8558,-0.24,65,20,10.36,few clouds
82,Okha,RU,53.5739,142.9478,27.12,95,100,4.34,overcast clouds
83,Panzhihua,CN,26.5851,101.7128,64.58,63,35,1.48,scattered clouds
84,Belyy Yar,RU,53.6039,91.3903,24.69,62,0,11.18,clear sky
85,Cherskiy,RU,68.75,161.3,-5.57,88,100,3.83,overcast clouds
86,Carnarvon,AU,-24.8667,113.6333,82.47,74,40,10.36,scattered clouds
87,Mount Gambier,AU,-37.8333,140.7667,67.91,56,5,10.36,clear sky
88,Souillac,MU,-20.5167,57.5167,75.58,94,40,4.61,scattered clouds
89,Lewiston,US,44.1003,-70.2148,44.94,87,100,6.91,overcast clouds
90,East London,ZA,-33.0153,27.9116,64.11,87,88,1.52,light rain
91,Codrington,AU,-38.2667,141.9667,67.06,58,6,6.26,clear sky
92,Ribeira Grande,PT,38.5167,-28.7,58.37,87,100,15.03,overcast clouds
93,Castro,BR,-24.7911,-50.0119,63.09,97,100,2.73,overcast clouds
94,Qaanaaq,GL,77.484,-69.3632,2.84,71,100,5.7,overcast clouds
95,Birjand,IR,32.8663,59.2211,57.67,23,0,6.91,clear sky
96,Kodiak,US,57.79,-152.4072,42.31,75,75,12.66,broken clouds
97,Tres Lagoas,BR,-20.7511,-51.6783,73.81,87,92,2.21,overcast clouds
98,Guerrero Negro,MX,27.9769,-114.0611,73.54,37,100,11.95,overcast clouds
99,Faanui,PF,-16.4833,-151.75,82.53,71,74,13.65,broken clouds
100,Walvis Bay,NA,-22.9575,14.5053,59.95,88,12,1.14,few clouds
101,Magistralnyy,RU,56.1725,107.4458,16.23,85,22,1.34,few clouds
102,Iralaya,HN,15.0,-83.2333,78.01,75,57,9.91,broken clouds
103,Vaini,TO,-21.2,-175.2,82.56,69,20,10.36,few clouds
104,Anadyr,RU,64.75,177.4833,9.1,78,0,4.47,clear sky
105,Touros,BR,-5.1989,-35.4608,79.68,84,100,11.36,light rain
106,Rio Gallegos,AR,-51.6226,-69.2181,60.85,41,0,17.27,clear sky
107,Vanimo,PG,-2.6741,141.3028,82.08,75,100,3.09,overcast clouds
108,Astoria,US,46.1879,-123.8313,52.47,80,20,8.05,few clouds
109,Pilar,BR,-9.5972,-35.9567,73.33,92,27,2.91,light rain
110,Kosh-Agach,RU,50.0,88.6667,-5.64,86,64,2.26,broken clouds
111,Longyearbyen,SJ,78.2186,15.6401,-0.56,71,20,2.3,few clouds
112,Luderitz,NA,-26.6481,15.1594,61.14,78,0,12.68,clear sky
113,Nongan,CN,44.382,125.1685,42.39,63,0,0.49,clear sky
114,Celestun,MX,20.8667,-90.4,71.4,54,95,14.52,overcast clouds
115,Chuy,UY,-33.6971,-53.4616,59.49,93,100,13.94,overcast clouds
116,Avarua,CK,-21.2078,-159.775,82.45,83,100,12.66,overcast clouds
117,Chase,CA,50.8165,-119.6857,54.48,72,100,2.57,overcast clouds
118,Wad Madani,SD,14.4012,33.5199,72.1,11,5,17.94,clear sky
119,Fortuna,US,40.5982,-124.1573,57.9,76,0,14.97,clear sky
120,Fort Nelson,CA,58.8053,-122.7002,18.99,53,100,4.61,overcast clouds
121,Dikson,RU,73.5069,80.5464,7.14,92,100,7.05,overcast clouds
122,Aripuana,BR,-9.1667,-60.6333,74.28,97,38,0.69,light rain
123,Bredasdorp,ZA,-34.5322,20.0403,62.17,79,69,10.47,broken clouds
124,Aklavik,CA,68.2191,-135.0107,3.31,88,96,12.86,overcast clouds
125,Sao Pedro Do Sul,BR,-29.6206,-54.1789,63.25,75,40,6.6,scattered clouds
126,Ardalstangen,NO,61.2371,7.6983,40.39,99,100,7.56,overcast clouds
127,Port Elizabeth,ZA,-33.918,25.5701,63.32,85,0,5.75,clear sky
128,Orange Cove,US,36.6244,-119.3137,85.66,44,99,3.15,overcast clouds
129,Port Hardy,CA,50.6996,-127.4199,46.58,87,100,4.61,light intensity shower rain
130,Mehamn,NO,71.0357,27.8492,23.13,67,100,15.88,light snow
131,Destin,US,30.3935,-86.4958,66.2,58,0,6.91,clear sky
132,Tessalit,ML,20.1986,1.0114,84.61,14,96,13.0,overcast clouds
133,Clyde River,CA,70.4692,-68.5914,-9.17,70,100,3.44,light snow
134,Santa Fe,AR,-31.6333,-60.7,66.02,75,4,5.01,light rain
135,Pitsunda,GE,43.1592,40.3378,41.18,76,100,4.18,overcast clouds
136,Rafaela,AR,-31.2503,-61.4867,62.98,53,0,3.0,clear sky
137,Kodinsk,RU,58.6881,99.1844,11.61,98,100,4.7,overcast clouds
138,Ramnagar,IN,29.4,79.1167,64.4,24,0,5.64,clear sky
139,Victoria,HK,22.2855,114.1577,80.96,88,68,15.01,broken clouds
140,Vangaindrano,MG,-23.35,47.6,74.21,94,38,3.74,light rain
141,Mansa,IN,29.9833,75.3833,65.16,28,0,4.92,clear sky
142,Jiuquan,CN,39.7432,98.5174,34.65,32,100,5.53,overcast clouds
143,Laurel,US,39.0993,-76.8483,55.8,54,100,11.01,overcast clouds
144,Lorengau,PG,-2.0226,147.2712,83.88,74,100,9.8,overcast clouds
145,Iqaluit,CA,63.7506,-68.5145,20.93,92,100,24.0,light snow
146,Jalu,LY,29.0331,21.5482,54.1,34,0,1.3,clear sky
147,Westport,US,41.1415,-73.3579,52.09,60,100,5.75,overcast clouds
148,Lata,PT,40.1629,-8.3327,54.91,80,62,4.99,broken clouds
149,Bilibino,RU,68.0546,166.4372,6.58,85,100,8.59,overcast clouds
150,Hasaki,JP,35.7333,140.8333,61.29,76,100,26.96,light rain
151,Kahului,US,20.8947,-156.47,82.98,64,40,25.32,scattered clouds
152,Hilo,US,19.7297,-155.09,80.33,59,0,8.05,clear sky
153,Sakaiminato,JP,35.55,133.2333,62.53,77,75,25.32,light rain
154,Klaksvik,FO,62.2266,-6.589,41.92,93,100,19.51,overcast clouds
155,Sydney Mines,CA,46.2367,-60.2177,34.11,95,100,23.02,light intensity drizzle rain
156,Severo-Yeniseyskiy,RU,60.3725,93.0408,17.58,85,100,10.83,overcast clouds
157,Guarapari,BR,-20.6667,-40.4975,77.9,92,87,10.4,overcast clouds
158,Pochutla,MX,15.7432,-96.4661,81.82,78,100,4.43,overcast clouds
159,Lazaro Cardenas,MX,17.9583,-102.2,75.63,55,100,6.44,overcast clouds
160,Antalaha,MG,-14.9003,50.2788,75.7,91,57,4.16,broken clouds
161,Zhigansk,RU,66.7697,123.3711,7.81,95,100,7.65,overcast clouds
162,Sorong,ID,-0.8833,131.25,82.08,72,73,3.04,broken clouds
163,Cabo San Lucas,MX,22.8909,-109.9124,77.5,60,20,6.91,few clouds
164,Nizhnevartovsk,RU,60.9344,76.5531,10.42,79,100,15.99,light snow
165,Sao Filipe,CV,14.8961,-24.4956,70.57,72,2,9.19,clear sky
166,Ambilobe,MG,-13.2,49.05,74.48,94,69,2.3,broken clouds
167,Haines Junction,CA,60.7522,-137.5108,40.95,52,80,8.05,broken clouds
168,San Cristobal,VE,7.7669,-72.225,73.58,71,99,2.95,overcast clouds
169,Pecos,US,31.4229,-103.4932,81.43,7,0,4.61,clear sky
170,Upernavik,GL,72.7868,-56.1549,1.45,95,100,9.35,overcast clouds
171,Georgetown,MY,5.4112,100.3354,84.13,86,20,2.3,few clouds
172,Grand Baie,MU,-20.0182,57.5802,77.45,87,6,1.01,clear sky
173,Ironton,US,38.5368,-82.6829,46.8,75,100,9.22,overcast clouds
174,Petropavlovsk-Kamchatskiy,RU,53.0452,158.6483,30.79,64,75,4.47,broken clouds
175,Phalodi,IN,27.1333,72.3667,74.73,14,0,3.27,clear sky
176,Bathsheba,BB,13.2167,-59.5167,79.41,73,40,19.57,scattered clouds
177,Qasigiannguit,GL,68.8193,-51.1922,16.05,93,100,4.18,overcast clouds
178,Khatanga,RU,71.9667,102.5,-14.39,100,77,4.54,broken clouds
179,Tabou,CI,4.423,-7.3528,78.21,89,95,5.01,overcast clouds
180,Bathurst,AU,-33.4166,149.5806,69.82,64,98,13.42,light rain
181,Tocopilla,CL,-22.092,-70.1979,68.31,68,3,6.29,clear sky
182,Ponta Do Sol,PT,32.6667,-17.1,62.01,74,100,6.58,overcast clouds
183,Richards Bay,ZA,-28.783,32.0377,68.54,93,69,7.25,light rain
184,Grand Forks,US,47.9417,-97.4337,24.73,69,40,19.57,scattered clouds
185,Kavieng,PG,-2.5744,150.7967,83.84,66,100,6.93,overcast clouds
186,Inhambane,MZ,-23.865,35.3833,77.36,89,100,6.11,light rain
187,Kasongo-Lunda,CD,-6.4667,16.8167,70.05,98,100,0.92,overcast clouds
188,Luanda,AO,-8.8368,13.2343,79.29,85,100,0.78,overcast clouds
189,Dire Dawa,ET,9.5931,41.8661,69.37,83,30,4.41,scattered clouds
190,Surt,LY,31.2089,16.5887,55.02,61,0,16.46,clear sky
191,Marsa Matruh,EG,31.3525,27.2453,50.2,93,0,8.05,clear sky
192,Lebu,CL,-37.6167,-73.65,55.24,90,0,12.66,clear sky
193,Pareora,NZ,-44.4871,171.2132,67.17,67,99,6.08,overcast clouds
194,Severo-Kurilsk,RU,50.6789,156.125,32.09,77,43,16.2,scattered clouds
195,Sinnamary,GF,5.3833,-52.95,77.67,86,94,14.03,overcast clouds
196,Pevek,RU,69.7008,170.3133,-2.61,86,95,0.51,overcast clouds
197,Villamontes,BO,-21.25,-63.5,66.06,56,100,3.62,overcast clouds
198,Nelson Bay,AU,-32.7167,152.15,68.05,93,100,1.01,light rain
199,Saint-Pierre,RE,-21.3393,55.4781,74.28,78,0,5.75,clear sky
200,Kalmunai,LK,7.4167,81.8167,76.95,87,5,6.35,clear sky
201,Tiksi,RU,71.6872,128.8694,-3.51,99,48,2.59,scattered clouds
202,Tuburan,PH,6.6439,122.2736,86.09,71,7,2.77,clear sky
203,Samarinda,ID,-0.5,117.15,83.23,73,81,2.08,broken clouds
204,Juba,SS,4.8517,31.5825,74.66,69,12,3.49,few clouds
205,Kampong Thum,KH,12.7111,104.8887,85.39,64,74,6.76,broken clouds
206,North Las Vegas,US,36.1989,-115.1175,90.82,9,0,12.66,clear sky
207,Prince Rupert,CA,54.3161,-130.3201,42.89,93,100,6.91,light rain
208,Ostrovnoy,RU,68.0531,39.5131,22.78,91,100,22.55,light snow
209,Qui Nhon,VN,13.7667,109.2333,82.85,69,34,5.35,scattered clouds
210,Hami,CN,42.8,93.45,38.23,35,100,9.93,overcast clouds
211,Chepareria,KE,1.3077,35.2039,61.9,83,96,4.25,light rain
212,Batalha,BR,-9.6778,-37.1247,76.62,84,37,7.0,scattered clouds
213,Tura,IN,25.5198,90.2201,70.88,92,82,6.08,broken clouds
214,Cabinda,AO,-5.55,12.2,74.93,93,100,10.25,moderate rain
215,Panjakent,TJ,39.4952,67.6093,57.33,40,100,7.9,overcast clouds
216,Czersk,PL,53.7959,17.9765,44.46,75,24,13.51,few clouds
217,Bonthe,SL,7.5264,-12.505,77.56,91,1,4.43,clear sky
218,Torbay,CA,47.6666,-52.7314,30.58,88,100,4.61,overcast clouds
219,Coahuayana,MX,18.7333,-103.6833,73.13,61,18,3.31,few clouds
220,Isakly,RU,54.1333,51.5333,31.15,98,100,5.41,overcast clouds
221,Geraldton,AU,-28.7667,114.6,75.61,94,100,11.5,overcast clouds
222,Namibe,AO,-15.1961,12.1522,71.62,81,39,8.79,scattered clouds
223,Carutapera,BR,-1.195,-46.02,75.78,94,100,5.35,overcast clouds
224,Vardo,NO,70.3705,31.1107,25.41,58,100,19.86,overcast clouds
225,Beaverlodge,CA,55.2166,-119.4361,31.35,92,100,7.43,overcast clouds
226,Villiers,ZA,-27.0303,28.6006,55.62,91,100,1.68,overcast clouds
227,Pangnirtung,CA,66.1451,-65.7125,13.35,93,100,5.35,overcast clouds
228,Puro,PH,12.4841,123.3827,85.26,67,7,9.66,clear sky
229,Meiningen,DE,50.5679,10.4152,36.32,60,0,2.93,clear sky
230,Dongzhen,CN,22.3797,110.9389,82.2,74,6,5.28,clear sky
231,Roald,NO,62.5833,6.1333,42.75,75,75,5.75,broken clouds
232,Berlevag,NO,70.8578,29.0864,22.8,65,100,18.68,light snow
233,Port Macquarie,AU,-31.4333,152.9167,66.09,100,75,3.44,light rain
234,Kaeo,NZ,-35.1,173.7833,77.32,61,88,6.78,overcast clouds
235,San Isidro,PE,-12.1167,-77.05,69.51,52,0,6.91,clear sky
236,Coos Bay,US,43.3665,-124.2179,58.32,86,0,9.22,clear sky
237,Egvekinot,RU,66.3167,-179.1667,8.08,84,84,1.7,broken clouds
238,Port Blair,IN,11.6667,92.75,77.04,94,20,2.3,mist
239,Marawi,PH,7.9986,124.2928,80.2,62,70,3.09,broken clouds
240,Lagoa,PT,39.05,-27.9833,58.64,94,100,31.65,overcast clouds
241,Coruripe,BR,-10.1256,-36.1756,77.7,84,92,7.05,overcast clouds
242,Joshimath,IN,30.5667,79.5667,53.76,41,0,8.16,clear sky
243,Nantucket,US,41.2835,-70.0995,44.74,92,0,9.22,clear sky
244,Pisco,PE,-13.7,-76.2167,69.85,68,0,4.61,clear sky
245,Namtsy,RU,62.7161,129.6658,14.97,91,100,1.92,overcast clouds
246,Flin Flon,CA,54.7682,-101.865,4.78,80,100,9.37,overcast clouds
247,Rocha,UY,-34.4833,-54.3333,59.07,97,100,5.32,overcast clouds
248,Liberal,US,37.0431,-100.921,53.74,37,0,6.91,clear sky
249,Bani,DO,18.2833,-70.3333,78.85,76,22,6.76,few clouds
250,Huarmey,PE,-10.0681,-78.1522,71.47,80,88,7.63,overcast clouds
251,Avera,US,33.194,-82.5271,54.91,59,6,9.15,clear sky
252,Altay,CN,47.8667,88.1167,23.9,57,7,4.85,clear sky
253,Boyolangu,ID,-8.1181,111.8935,84.42,70,21,1.28,few clouds
254,Murgab,TM,37.4966,61.9714,49.87,66,75,6.91,broken clouds
255,Uberaba,BR,-19.7483,-47.9319,75.78,78,20,5.75,few clouds
256,Eunice,US,30.4944,-92.4176,64.29,62,0,6.73,clear sky
257,Jablah,SY,35.3614,35.9256,44.89,81,20,4.61,few clouds
258,Marzuq,YE,14.4,46.4667,67.41,50,0,4.85,clear sky
259,Provideniya,RU,64.3833,-173.3,17.53,78,9,2.51,clear sky
260,Doka,SD,13.5167,35.7667,73.62,34,0,15.93,clear sky
261,Cidreira,BR,-30.1811,-50.2056,64.81,80,16,8.05,few clouds
262,Wajima,JP,37.4,136.9,54.28,71,100,6.91,light rain
263,Esperance,AU,-33.8667,121.9,76.84,50,100,12.15,overcast clouds
264,Mayo,US,38.8876,-76.5119,56.28,55,100,5.99,overcast clouds
265,Mpika,ZM,-11.8343,31.4529,61.38,99,100,3.4,light rain
266,Karimpur,IN,23.9667,88.6167,80.69,71,37,6.49,scattered clouds
267,Dunedin,NZ,-45.8742,170.5036,64.8,65,99,17.0,overcast clouds
268,Dudinka,RU,69.4058,86.1778,16.63,75,100,18.54,overcast clouds
269,Deputatskiy,RU,69.3,139.9,2.68,90,59,5.64,broken clouds
270,San Quintin,MX,30.4833,-115.95,61.75,82,61,9.4,broken clouds
271,Manado,ID,1.487,124.8455,86.77,70,40,4.61,scattered clouds
272,Umm Lajj,SA,25.0213,37.2685,61.56,50,0,13.44,clear sky
273,Ugoofaaru,MV,5.6667,73.0,81.21,64,0,2.37,clear sky
274,Havre-Saint-Pierre,CA,50.2334,-63.5986,28.76,93,100,25.32,overcast clouds
275,Hualmay,PE,-11.0964,-77.6139,70.77,81,90,8.41,overcast clouds
276,Perth,AU,-31.9333,115.8333,81.09,65,0,14.97,clear sky
277,Hithadhoo,MV,-0.6,73.0833,83.43,68,100,12.93,overcast clouds
278,Manolas,GR,38.05,21.35,48.29,90,0,3.44,clear sky
279,Ancud,CL,-41.8697,-73.8203,55.22,91,100,1.86,overcast clouds
280,Pogranichnyy,RU,44.4064,131.3769,37.94,97,100,3.36,moderate rain
281,Forestville,US,38.8451,-76.875,55.4,50,100,13.8,overcast clouds
282,Dingle,PH,10.9995,122.6711,88.03,54,32,12.1,scattered clouds
283,Libreville,GA,0.3925,9.4537,77.02,94,20,4.61,few clouds
284,Tigzirt,DZ,36.8886,4.1198,57.6,59,60,5.55,broken clouds
285,Dalvik,IS,65.9702,-18.5286,46.33,88,100,11.61,overcast clouds
286,Monrovia,LR,6.3005,-10.7969,79.23,86,100,4.36,light rain
287,Molnlycke,SE,57.6589,12.1179,43.61,91,20,10.36,few clouds
288,Houma,US,29.5958,-90.7195,64.4,39,0,6.91,clear sky
289,Salalah,OM,17.0151,54.0924,73.49,53,0,5.75,clear sky
290,Nouadhibou,MR,20.931,-17.0347,62.58,72,20,13.8,few clouds
291,Moose Factory,CA,51.2585,-80.6094,30.2,93,100,2.3,overcast clouds
292,Umm Kaddadah,SD,13.6017,26.6876,62.53,17,2,19.48,clear sky
293,Muromtsevo,RU,56.3724,75.2418,15.03,89,100,12.97,overcast clouds
294,Beringovskiy,RU,63.05,179.3167,15.42,87,75,4.32,broken clouds
295,Kaitangata,NZ,-46.2817,169.8464,63.77,65,100,6.62,overcast clouds
296,Xinxiang,CN,35.3089,113.8672,55.9,60,100,3.96,overcast clouds
297,Ondjiva,AO,-17.0667,15.7333,65.34,59,8,5.55,clear sky
298,Scarborough,GB,54.2797,-0.4044,47.64,79,13,3.91,few clouds
299,Cartagena Del Chaira,CO,1.3349,-74.8429,74.44,92,100,1.52,overcast clouds
300,Buala,SB,-8.145,159.5921,78.8,89,100,8.59,moderate rain
301,Mount Pleasant,US,32.7941,-79.8626,64.54,45,0,13.8,clear sky
302,Nayoro,JP,44.3506,142.4578,42.62,78,100,1.07,overcast clouds
303,Fairbanks,US,64.8378,-147.7164,43.14,48,0,8.05,clear sky
304,Uvira,CD,-3.4067,29.1458,71.24,84,50,4.72,scattered clouds
305,Necochea,AR,-38.5473,-58.7368,62.33,93,100,21.36,overcast clouds
306,Araouane,ML,18.9048,-3.5265,79.0,17,57,9.93,broken clouds
307,Hirara,JP,24.8,125.2833,77.27,94,75,18.41,light intensity shower rain
308,Soyo,AO,-6.1349,12.3689,76.14,87,100,6.64,light rain
309,Meulaboh,ID,4.1363,96.1285,80.8,80,37,2.77,scattered clouds
310,Lumeje,AO,-11.55,20.7833,65.28,93,99,3.2,light rain
311,Nizwa,OM,22.9333,57.5333,70.83,23,20,1.1,few clouds
312,Asau,RO,46.4333,26.4,32.9,77,3,5.12,clear sky
313,Mandali,IQ,33.7499,45.5541,51.62,56,1,4.72,clear sky
314,Ahipara,NZ,-35.1667,173.1667,70.97,66,92,11.88,overcast clouds
315,Vila Franca Do Campo,PT,37.7167,-25.4333,61.21,90,100,25.86,overcast clouds
316,Texarkana,US,33.4251,-94.0477,64.62,46,0,1.99,clear sky
317,Bilma,NE,18.6853,12.9164,69.53,15,0,9.17,clear sky
318,Verkhnyaya Sysert,RU,56.4372,60.75,3.0,97,98,1.99,overcast clouds
319,Kaduqli,SD,11.0167,29.7167,71.19,12,0,15.82,clear sky
320,Leningradskiy,RU,69.3833,178.4167,2.93,87,83,7.49,broken clouds
321,Yerbogachen,RU,61.2767,108.0108,18.1,90,46,3.42,scattered clouds
322,Kysyl-Syr,RU,63.8986,122.7617,17.46,91,100,4.07,overcast clouds
323,Vilhena,BR,-12.7406,-60.1458,69.93,97,100,2.51,light rain
324,Byron Bay,AU,-28.65,153.6167,75.09,77,100,8.32,overcast clouds
325,Sawtell,AU,-30.3833,153.1,66.22,94,75,12.66,moderate rain
326,Belz,FR,47.6751,-3.168,55.09,62,63,5.01,broken clouds
327,Coquimbo,CL,-29.9533,-71.3436,60.53,88,100,4.61,overcast clouds
328,Ilhabela,BR,-23.7781,-45.3581,77.2,84,100,0.18,overcast clouds
329,Rundu,NA,-17.9333,19.7667,64.22,91,8,3.96,light rain
330,Zyryanka,RU,65.75,150.85,12.24,81,100,16.26,overcast clouds
331,Ayagoz,KZ,47.9714,80.4392,11.61,90,10,3.98,clear sky
332,Tevaitoa,PF,-16.7833,-151.5,82.65,70,53,11.43,broken clouds
333,Dali,CN,25.7,100.1833,56.03,70,79,4.34,broken clouds
334,Davila,PH,18.4726,120.5763,85.98,71,4,9.13,clear sky
335,Xuddur,SO,4.1213,43.8894,75.24,79,26,6.33,scattered clouds
336,Sao Joao Da Barra,BR,-21.6403,-41.0511,78.24,89,87,17.25,overcast clouds
337,Iskateley,RU,67.6803,53.1512,0.05,95,14,7.02,few clouds
338,Tuatapere,NZ,-46.1333,167.6833,62.01,72,91,7.02,overcast clouds
339,Great Falls,US,47.5002,-111.3008,52.99,30,0,12.66,clear sky
340,Boa Vista,BR,2.8197,-60.6733,78.78,83,75,6.91,light rain
341,Eyl,SO,7.9803,49.8164,74.62,74,95,9.28,overcast clouds
342,Hof,DE,50.3167,11.9167,37.27,70,0,3.44,clear sky
343,Belmonte,BR,-15.8631,-38.8828,76.96,81,9,4.61,clear sky
344,Det Udom,TH,14.906,105.0784,85.95,52,78,6.8,broken clouds
345,Cascais,PT,38.6979,-9.4215,59.94,68,64,14.0,broken clouds
346,Mbalmayo,CM,3.5167,11.5,70.18,84,98,1.74,overcast clouds
347,Tiznit,MA,29.5833,-9.5,50.58,89,44,2.26,scattered clouds
348,Boulogne-Sur-Mer,FR,50.75,1.8333,47.98,80,0,6.02,clear sky
349,Alofi,NU,-19.0595,-169.9187,80.49,89,99,8.05,overcast clouds
350,Luocheng,CN,29.3848,104.0286,55.17,78,100,5.28,overcast clouds
351,Borgo San Dalmazzo,IT,44.333,7.4858,48.31,43,5,3.44,clear sky
352,Manaure,CO,11.7751,-72.4445,79.09,76,73,16.84,broken clouds
353,Mandalgovi,MN,45.7625,106.2708,23.27,35,100,17.81,overcast clouds
354,Raudeberg,NO,61.9875,5.1352,38.07,68,93,12.44,overcast clouds
355,Portland,US,45.5234,-122.6762,62.58,45,100,4.61,overcast clouds
356,Beyneu,KZ,45.3167,55.2,35.33,99,100,11.54,snow
357,The Pas,CA,53.8251,-101.2541,10.42,52,0,12.66,clear sky
358,Port-Gentil,GA,-0.7193,8.7815,81.63,79,100,8.5,overcast clouds
359,Isangel,VU,-19.55,169.2667,82.56,67,100,10.29,overcast clouds
360,La Crosse,US,43.8014,-91.2396,37.42,62,100,26.46,overcast clouds
361,Namatanai,PG,-3.6667,152.4333,84.09,69,100,7.09,light rain
362,Nabire,ID,-3.3667,135.4833,85.86,63,100,3.76,overcast clouds
363,Mpulungu,ZM,-8.7623,31.1141,71.4,81,19,5.01,few clouds
364,Komsomolskiy,UZ,40.4272,71.7189,43.52,87,61,6.91,mist
365,Igrim,RU,63.1906,64.4162,17.08,84,100,12.95,overcast clouds
366,Belmopan,BZ,17.25,-88.7667,75.58,71,100,4.45,overcast clouds
367,Xai-Xai,MZ,-25.0519,33.6442,74.25,90,100,5.97,overcast clouds
368,Dongying,CN,37.4564,118.4856,55.65,25,95,10.04,overcast clouds
369,Ilobu,NG,7.8333,4.4833,74.71,93,64,3.49,broken clouds
370,Lavrentiya,RU,65.5833,-171.0,16.18,88,32,4.5,scattered clouds
371,Yanaul,RU,56.2719,54.9309,11.44,88,100,5.73,overcast clouds
372,Goderich,CA,43.7501,-81.7165,37.72,75,100,6.91,overcast clouds
373,Yar-Sale,RU,66.8333,70.8333,-6.47,97,84,9.44,broken clouds
374,Sakakah,SA,29.9697,40.2064,45.97,58,0,6.42,clear sky
375,Dakar,SN,14.6937,-17.4441,65.28,80,2,13.51,clear sky
376,Teya,RU,60.3778,92.6267,22.71,89,100,11.1,light snow
377,Taormina,IT,37.8536,15.2885,52.29,56,100,1.77,overcast clouds
378,Anamur,TR,36.0751,32.8369,53.24,47,0,7.2,clear sky
379,Jishou,CN,28.3167,109.7167,53.44,90,100,5.39,overcast clouds
380,Taoudenni,ML,22.6783,-3.9836,75.11,17,0,11.34,clear sky
381,Gidam,IN,18.9833,81.4,78.26,62,94,1.66,overcast clouds
382,Kamenka,RU,51.3223,42.7678,27.43,95,100,8.34,overcast clouds
383,Ketchikan,US,55.3422,-131.6461,40.98,98,100,2.08,overcast clouds
384,Sanandaj,IR,35.3144,46.9923,33.82,87,40,4.61,scattered clouds
385,Hammel,DK,56.2576,9.8632,47.71,93,26,19.06,scattered clouds
386,Miechow,PL,50.3565,20.0279,45.59,62,1,7.81,clear sky
387,Mahebourg,MU,-20.4081,57.7,76.24,94,40,4.61,scattered clouds
388,Mabai,CN,23.0128,104.4508,70.45,54,47,7.85,scattered clouds
389,Buin,CL,-33.7333,-70.75,71.74,45,0,2.44,clear sky
390,Capreol,CA,46.706,-80.9225,33.55,96,100,3.44,overcast clouds
391,Saint-Louis,SN,16.3333,-15.0,71.47,30,83,9.66,broken clouds
392,East Wenatchee Bench,US,47.4257,-120.2812,61.88,33,0,5.75,clear sky
393,Zambezi,ZM,-13.5432,23.1047,64.24,96,73,2.24,light rain
394,Husavik,IS,66.0449,-17.3389,38.59,86,100,12.95,overcast clouds
395,Vila Velha,BR,-20.3297,-40.2925,78.75,87,20,6.91,few clouds
396,Nurota,UZ,40.5614,65.6886,53.42,68,100,5.46,overcast clouds
397,Talnakh,RU,69.4865,88.3972,16.21,78,100,9.19,overcast clouds
398,Klyuchi,RU,52.2667,79.1667,27.97,90,100,12.64,overcast clouds
399,Anan,JP,33.9167,134.65,60.58,90,100,30.91,light rain
400,Praia,CV,14.9215,-23.5087,64.94,77,0,8.05,clear sky
401,Jambi,ID,-1.6,103.6167,84.13,75,51,1.34,broken clouds
402,Bengkulu,ID,-3.8004,102.2655,82.92,66,20,4.99,few clouds
403,Lasa,IT,46.6166,10.7002,41.88,83,8,0.07,clear sky
404,Daru,PG,-9.0763,143.2092,83.79,75,82,4.34,broken clouds
405,Inuvik,CA,68.3499,-133.7218,5.86,53,0,9.22,clear sky
406,Ola,RU,59.5833,151.2833,23.14,57,1,1.25,clear sky
407,Buckeye,US,33.3703,-112.5838,92.17,10,0,0.0,clear sky
408,Nuuk,GL,64.1835,-51.7216,20.01,73,97,3.44,overcast clouds
409,Lucapa,AO,-8.4192,20.7447,66.09,97,100,2.21,light rain
410,Clonakilty,IE,51.6231,-8.8706,49.21,82,11,9.4,few clouds
411,Ourossogui,SN,15.6064,-13.3211,80.22,14,22,9.44,few clouds
412,Ulaanbaatar,MN,47.9077,106.8832,17.73,45,40,2.24,scattered clouds
413,Saqqez,IR,36.2499,46.2735,30.94,94,97,3.85,overcast clouds
414,Ende,ID,-8.8432,121.6623,85.39,70,43,4.5,scattered clouds
415,Honiara,SB,-9.4333,159.95,82.56,84,98,3.44,overcast clouds
416,Krasnovishersk,RU,60.4078,57.082,9.05,94,100,5.75,overcast clouds
417,Natchez,US,31.5604,-91.4032,62.82,47,0,4.61,clear sky
418,Mwense,ZM,-10.3845,28.698,65.93,97,49,2.39,scattered clouds
419,Puerto El Triunfo,SV,13.2833,-88.55,81.61,58,100,5.91,overcast clouds
420,Vysokogornyy,RU,50.1167,139.15,30.9,81,100,4.74,overcast clouds
421,Jardim,BR,-21.4803,-56.1381,67.39,79,80,4.07,broken clouds
422,Bongaree,AU,-27.0797,153.1586,79.05,83,99,12.75,overcast clouds
423,Opuwo,NA,-18.0607,13.84,63.64,60,31,2.33,scattered clouds
424,Valdivia,CL,-39.8142,-73.2459,59.09,80,0,2.95,clear sky
425,Tilichiki,RU,60.4667,166.1,19.6,77,100,13.06,overcast clouds
426,Skjervoy,NO,70.0311,20.9714,24.8,81,100,20.62,light snow
427,Astana,KZ,51.1801,71.446,17.55,93,100,4.47,fog
428,Simdega,IN,22.6167,84.5167,81.64,26,71,3.04,broken clouds
429,Aginskoye,RU,51.1,114.53,24.67,53,2,21.16,clear sky
430,Domoni,KM,-12.2569,44.5319,80.33,85,33,5.26,scattered clouds
431,Muros,ES,42.7762,-9.0603,57.09,93,94,7.31,overcast clouds
432,Kalmar,SE,56.6616,16.3616,47.14,80,100,12.66,overcast clouds
433,Hurghada,EG,27.2574,33.8129,55.44,50,0,17.27,clear sky
434,Bandarbeyla,SO,9.4942,50.8122,73.96,74,31,4.74,scattered clouds
435,Owando,CG,-0.4819,15.8999,72.77,86,89,2.19,overcast clouds
436,Santiago,CL,-33.4569,-70.6483,71.29,40,0,9.22,clear sky
437,Saint-Augustin,CA,51.226,-58.6502,26.62,82,100,22.84,overcast clouds
438,Medea,DZ,36.2642,2.7539,48.47,46,90,11.21,overcast clouds
439,Moses Lake,US,47.1301,-119.2781,61.16,25,75,6.91,broken clouds
440,Stepnyak,KZ,52.8339,70.7803,11.07,98,42,6.35,scattered clouds
441,Kushiro,JP,42.975,144.3747,38.35,93,75,5.75,broken clouds
442,Padang,ID,-0.9492,100.3543,78.85,61,33,1.97,scattered clouds
443,Nome,US,64.5011,-165.4064,25.16,80,20,4.61,few clouds
444,Digha,IN,21.6833,87.55,79.9,81,70,13.2,broken clouds
445,Rawson,AR,-43.3002,-65.1023,56.46,62,67,12.12,broken clouds
446,Oparino,RU,59.8518,48.2783,22.3,90,97,11.61,overcast clouds
447,Pacific Grove,US,36.6177,-121.9166,61.21,79,0,8.05,clear sky
448,Saint Anthony,US,45.0205,-93.218,33.73,51,20,28.77,few clouds
449,Mbuji-Mayi,CD,-6.15,23.6,71.24,89,77,1.77,broken clouds
450,Comodoro Rivadavia,AR,-45.8667,-67.5,49.86,76,0,5.75,clear sky
451,Maragogi,BR,-9.0122,-35.2225,77.34,86,25,2.59,scattered clouds
452,Dobryanka,RU,58.4619,56.4165,16.65,85,100,4.36,overcast clouds
453,Elmvale,CA,44.5834,-79.8664,36.34,85,48,6.73,scattered clouds
454,Oxbow,CA,49.2333,-102.1676,16.02,70,9,10.76,clear sky
455,Mastic Beach,US,40.7668,-72.8521,52.05,62,75,6.91,broken clouds
456,Saldanha,ZA,-33.0117,17.9442,57.25,78,100,10.69,overcast clouds
457,Lupiro,TZ,-8.3833,36.6667,70.83,93,31,1.57,scattered clouds
458,Dasoguz,TM,41.8363,59.9666,42.75,81,100,18.41,overcast clouds
459,Olafsvik,IS,64.8945,-23.7142,42.31,96,100,32.44,light rain
460,Camacha,PT,33.0833,-16.3333,56.62,77,40,4.61,scattered clouds
461,Am Timan,TD,11.0297,20.2827,79.61,17,78,7.05,broken clouds
462,Hambantota,LK,6.1241,81.1185,75.54,100,20,2.3,few clouds
463,Gamba,GA,-2.65,10.0,78.08,92,100,5.86,light rain
464,Erzincan,TR,39.75,39.5,19.78,85,17,2.59,few clouds
465,Itarema,BR,-2.9248,-39.9167,76.91,87,99,7.49,overcast clouds
466,Goba,ET,7.0167,39.9833,50.4,87,9,2.04,clear sky
467,Buraydah,SA,26.326,43.975,55.85,27,0,14.18,clear sky
468,Esso,RU,55.9333,158.7,18.37,72,60,3.02,broken clouds
469,Perez,AR,-32.9983,-60.7679,63.05,81,20,11.5,few clouds
470,Omsukchan,RU,62.5333,155.8,7.16,77,100,4.99,overcast clouds
471,Dingzhou,CN,38.5131,114.9956,57.31,23,59,8.05,broken clouds
472,Blagoyevo,RU,63.3667,47.9167,19.58,92,100,8.75,overcast clouds
473,Yetkul,RU,54.8221,61.588,0.95,96,13,3.56,few clouds
474,Dongfeng,CN,42.6403,125.5118,45.39,47,87,7.38,overcast clouds
475,Likasi,CD,-10.9814,26.7333,61.54,95,82,1.9,broken clouds
476,Beloha,MG,-25.1667,45.05,72.25,94,60,3.02,light rain
477,Biak,ID,-0.9131,122.8766,84.06,65,99,0.81,overcast clouds
478,Korhogo,CI,9.45,-5.6333,73.38,82,100,5.88,overcast clouds
479,Ambon,ID,-3.6954,128.1814,87.94,70,20,5.75,few clouds
480,Dinar,TR,38.065,30.1656,31.96,79,66,2.19,broken clouds
481,Tucuman,AR,-26.8241,-65.2226,59.0,67,0,6.91,clear sky
482,Todos Santos,MX,23.45,-110.2167,72.45,67,63,2.08,broken clouds
483,Redmond,US,47.674,-122.1215,59.92,56,100,1.01,overcast clouds
484,Chifeng,CN,42.2683,118.9636,45.14,17,0,10.6,clear sky
485,Kamaishi,JP,39.2667,141.8833,50.36,96,100,17.63,light rain
486,Kulunda,RU,52.566,78.9385,28.35,93,100,14.56,overcast clouds
487,Hellin,ES,38.5106,-1.701,49.5,87,100,21.56,overcast clouds
488,Lebedinyy,RU,58.5167,125.5167,22.55,83,77,4.38,broken clouds
489,Pavilosta,LV,56.8879,21.1859,44.51,82,100,20.71,overcast clouds
490,Naryan-Mar,RU,67.6713,53.087,0.07,95,14,7.0,few clouds
491,La Ronge,CA,55.1001,-105.2842,12.45,37,0,9.22,clear sky
492,Primorsko-Akhtarsk,RU,46.0497,38.1747,37.4,90,14,6.17,few clouds
493,Gaogou,CN,34.0175,119.1886,55.92,46,54,13.06,broken clouds
494,Baykit,RU,61.67,96.37,16.2,94,100,4.38,overcast clouds
495,Razole,IN,16.4833,81.8333,81.61,77,54,3.33,broken clouds
496,Kudahuvadhoo,MV,2.6708,72.8944,81.55,70,0,7.02,clear sky
497,Bonavista,CA,48.6499,-53.1147,29.5,90,100,9.78,overcast clouds
498,Linxia,CN,35.6003,103.2064,39.51,50,100,1.81,overcast clouds
499,Khash,IR,28.2211,61.2158,60.22,23,0,3.89,clear sky
500,Muroto,JP,33.2833,134.15,61.97,95,100,22.12,light rain
501,Vao,NC,-22.6667,167.4833,77.54,64,76,13.35,broken clouds
502,Susuman,RU,62.7833,148.1667,0.73,81,85,2.64,overcast clouds
503,Katsuura,JP,35.1333,140.3,64.42,80,100,24.99,overcast clouds
504,Bubaque,GW,11.2833,-15.8333,76.14,67,3,16.22,clear sky
505,Cururupu,BR,-1.8283,-44.8683,75.09,95,100,2.62,overcast clouds
506,Semnan,IR,35.5729,53.3971,44.44,14,0,2.3,clear sky
507,Oskarshamn,SE,57.2645,16.4484,46.98,79,100,10.47,overcast clouds
508,Ilulissat,GL,69.2167,-51.1,15.82,86,20,0.0,light snow
509,Maoming,CN,21.65,110.9,84.0,68,9,5.75,clear sky
510,Keti Bandar,PK,24.1447,67.4497,76.68,76,0,8.39,clear sky
511,Kutum,SD,14.2,24.6667,57.45,19,76,13.98,broken clouds
512,Katangli,RU,51.7102,143.2326,27.03,98,97,6.51,overcast clouds
513,Yalvac,TR,38.2956,31.1778,36.66,82,99,5.3,overcast clouds
514,Kidal,ML,18.4411,1.4078,82.72,15,65,11.81,broken clouds
515,Izvestkovyy,RU,48.9833,131.55,32.09,91,100,5.61,light snow
516,Juegang,CN,32.3174,121.1855,56.98,78,87,17.72,overcast clouds
517,Reshetnikovo,RU,56.45,36.5667,36.9,90,100,13.06,light rain
518,Dutlwe,BW,-23.9833,23.9,61.92,89,42,8.28,scattered clouds
519,Chinhoyi,ZW,-17.3667,30.2,64.0,94,7,2.62,clear sky
520,Abatskoye,RU,56.2875,70.4555,6.73,94,7,7.78,clear sky
521,Leshukonskoye,RU,64.8989,45.7622,17.78,94,100,7.27,overcast clouds
522,Nanortalik,GL,60.1432,-45.2371,25.66,85,5,4.43,clear sky
523,Zaysan,KZ,47.4667,84.8667,23.65,78,3,0.98,clear sky
524,Gambela,ET,8.25,34.5833,80.04,46,58,2.1,broken clouds
525,Durres,AL,41.3231,19.4414,41.18,75,49,3.62,scattered clouds
526,Boca Do Acre,BR,-8.7522,-67.3978,74.21,98,100,2.93,light rain
527,Makakilo City,US,21.3469,-158.0858,77.32,64,75,11.5,broken clouds
528,Chumikan,RU,54.7183,135.315,28.62,79,12,3.02,few clouds
529,Quickborn,DE,53.7333,9.9,42.28,90,57,1.14,mist
530,Heyang,CN,26.1011,107.473,52.05,89,100,6.98,overcast clouds
531,Paamiut,GL,61.994,-49.6678,15.21,77,63,6.38,broken clouds
532,Alvin,US,29.4238,-95.2441,74.08,58,0,4.61,clear sky
533,Cayenne,GF,4.9333,-52.3333,81.09,1,75,10.36,broken clouds
534,Obregon,NI,11.9566,-85.9636,87.89,55,69,14.09,broken clouds
535,Manggar,ID,-2.8833,108.2667,85.69,66,9,2.24,clear sky
536,Diffa,NE,13.3154,12.6113,74.01,25,0,13.56,clear sky
537,El Dorado,US,38.7666,-120.5177,73.98,71,15,1.36,few clouds
538,Udachnyy,RU,66.4167,112.4,14.45,78,99,5.97,overcast clouds
539,Khani,GE,41.9563,42.9566,29.77,96,100,4.47,light snow
540,Ocotal,NI,13.6321,-86.4752,72.81,74,100,4.72,overcast clouds
541,Matane,CA,48.8286,-67.522,29.48,97,100,13.09,light snow
542,Kruisfontein,ZA,-34.0033,24.7314,56.88,79,100,2.75,overcast clouds
543,Salinas,US,36.6777,-121.6555,61.43,68,0,12.66,clear sky
544,Nenjiang,CN,49.1833,125.2167,30.74,97,100,3.58,overcast clouds
545,Kieta,PG,-6.2167,155.6333,82.56,82,100,9.04,moderate rain
546,Chekhov,RU,55.1431,37.4711,40.89,92,96,10.92,overcast clouds
547,Del Rio,US,29.3627,-100.8968,84.31,7,0,6.91,clear sky
548,Correntina,BR,-13.3433,-44.6367,75.52,56,65,2.73,broken clouds
549,Price,US,39.5994,-110.8107,69.06,15,0,9.22,clear sky
550,Parati,BR,-23.2178,-44.7131,78.91,75,97,3.89,overcast clouds
551,Grindavik,IS,63.8424,-22.4338,45.07,100,100,25.32,light intensity drizzle
552,Ierapetra,GR,35.01,25.7353,56.68,50,0,4.09,clear sky
553,Srisailam,IN,16.0833,78.8667,78.53,58,57,2.98,broken clouds
554,Kendari,ID,-3.945,122.4989,86.04,62,54,5.53,broken clouds
555,Estelle,US,29.8458,-90.1067,69.8,44,0,5.75,clear sky
556,Half Moon Bay,US,37.4636,-122.4286,67.53,76,0,24.16,clear sky
557,Yeppoon,AU,-23.1333,150.7333,82.18,62,100,13.11,overcast clouds
558,Colares,PT,38.7992,-9.4469,59.29,69,54,14.0,broken clouds
559,Zalantun,CN,48.0,122.7167,36.21,52,100,4.97,overcast clouds
560,Punta,PH,8.9897,125.34,81.5,70,100,5.41,overcast clouds
561,Avila,ES,40.5833,-5.0,43.65,97,100,6.38,overcast clouds
562,Fort Saint James,CA,54.4333,-124.25,36.52,74,100,2.21,overcast clouds
563,Tasca,RO,46.9,26.0167,33.01,87,9,3.98,clear sky
564,Acapulco,MX,16.8634,-99.8901,78.62,73,100,8.05,overcast clouds
565,Nieuw Amsterdam,SR,5.8833,-55.0833,80.02,87,42,11.27,scattered clouds
566,Hisai,JP,34.6667,136.4667,64.2,88,100,17.11,light rain
567,Tual,ID,-5.6667,132.75,81.57,77,100,10.6,overcast clouds
568,Bam,IR,29.106,58.357,72.09,21,0,8.23,clear sky
569,Cabatuan,PH,10.8794,122.486,88.2,55,30,11.83,scattered clouds
570,Huoqiu,CN,32.3394,116.2694,54.03,70,92,6.06,overcast clouds
571,Kathmandu,NP,27.7167,85.3167,57.42,77,20,3.44,mist
572,Torit,SS,4.4133,32.5678,74.07,69,61,3.65,broken clouds
573,Paragominas,BR,-2.9667,-47.4833,72.18,98,80,3.18,broken clouds
574,Margate,GB,51.3813,1.3862,47.7,81,0,1.99,clear sky
575,Rantepao,ID,-2.9701,119.8978,81.34,58,94,1.99,overcast clouds
576,Maniitsoq,GL,65.4167,-52.9,11.77,87,97,6.35,overcast clouds
577,Emerald,AU,-23.5333,148.1667,77.14,65,100,6.91,overcast clouds
578,Bhusawal,IN,21.05,75.7667,85.46,25,41,3.42,scattered clouds
579,Galbshtadt,RU,53.2264,78.9845,29.59,96,100,15.82,light snow
580,Quatre Cocos,MU,-20.2078,57.7625,76.08,82,18,7.81,few clouds
581,Wattegama,LK,6.7989,81.4808,77.49,83,37,2.39,scattered clouds
582,Broken Hill,AU,-31.95,141.4333,73.11,40,0,8.05,clear sky
583,Pangai,TO,-19.8,-174.35,82.51,74,75,5.75,broken clouds
584,Caceres,ES,39.522,-6.3748,51.17,83,85,11.95,overcast clouds
585,Norman Wells,CA,65.282,-126.8329,14.04,52,40,16.11,scattered clouds
586,Luau,AO,-10.7073,22.2247,64.35,96,99,0.87,overcast clouds
587,San Lorenzo,PY,-25.3333,-57.5333,61.74,82,0,0.0,clear sky
588,Mata,PT,40.683,-7.4592,54.93,92,100,4.18,overcast clouds
589,Miyako,JP,39.6367,141.9525,50.59,95,100,16.35,light rain
590,Ust-Nera,RU,64.5667,143.2,6.26,88,100,3.71,overcast clouds
591,Conversion,PH,15.8984,121.1277,89.64,45,10,2.91,clear sky
592,Sumbe,AO,-11.2061,13.8437,79.11,83,100,4.9,overcast clouds
593,Villarrica,PY,-25.75,-56.4333,58.08,72,0,1.41,clear sky
594,Jawhar,SO,2.7809,45.5005,78.22,84,0,6.44,clear sky
595,Vila Do Maio,CV,15.1333,-23.2167,65.19,75,31,9.08,scattered clouds
596,Brownsville,US,25.9018,-97.4975,75.2,48,0,8.05,clear sky
597,Laguna,US,38.421,-121.4238,79.09,32,0,8.05,clear sky
598,Ekibastuz,KZ,51.6667,75.3667,28.49,89,100,12.62,overcast clouds
599,The Valley,AI,18.217,-63.0578,77.09,73,3,19.19,clear sky
600,Bolivar,US,37.6145,-93.4105,45.9,59,8,9.06,clear sky
601,Evensk,RU,61.95,159.2333,17.82,60,100,2.62,overcast clouds
602,Narsaq,GL,60.9167,-46.05,28.62,81,2,7.29,clear sky
603,Cuiaba,BR,-15.5961,-56.0967,75.13,94,75,5.75,thunderstorm with light rain
604,Paramonga,PE,-10.6667,-77.8333,70.88,82,98,7.45,overcast clouds
605,Bria,CF,6.5423,21.9863,73.42,38,100,2.95,overcast clouds
606,Stephenville,US,32.2207,-98.2023,69.93,19,0,9.22,clear sky
607,Lhokseumawe,ID,5.1801,97.1507,82.24,76,9,3.11,clear sky
608,Khanewal,PK,30.3,71.9333,71.49,24,0,5.08,clear sky
609,Puerto Wilches,CO,7.3483,-73.896,77.2,88,33,2.13,scattered clouds
610,Takoradi,GH,4.8845,-1.7554,80.19,87,70,5.97,light rain
611,Yala,TH,6.3333,101.25,82.9,75,7,0.83,clear sky
612,Japura,ID,-0.3167,102.35,85.5,67,47,0.96,scattered clouds
613,Myitkyina,MM,25.3833,97.4,72.46,66,99,2.17,overcast clouds
614,Havoysund,NO,70.9963,24.6622,25.03,79,100,24.05,light snow
615,Canovanas,PR,18.3777,-65.9063,77.0,84,20,6.91,few clouds
616,Dvinskoy,RU,62.1535,45.1175,25.02,91,100,11.77,overcast clouds
617,Disraeli,CA,45.9001,-71.3491,36.21,94,100,2.64,overcast clouds
618,Tomatlan,MX,19.9333,-105.25,64.02,77,5,1.52,clear sky
619,Azuaga,ES,38.2667,-5.6833,44.96,92,100,5.75,overcast clouds
620,Katherine,AU,-14.4667,132.2667,89.92,48,40,3.44,scattered clouds
621,Robe,AU,-37.1833,139.75,65.64,67,0,8.63,clear sky
622,Kuching,MY,1.55,110.3333,82.62,78,20,5.01,few clouds
623,Traverse City,US,44.7631,-85.6206,37.62,91,100,4.0,overcast clouds
624,Kirksville,US,40.1948,-92.5833,45.05,46,0,1.99,clear sky
625,Balintore,GB,57.7556,-3.9123,41.95,89,14,6.8,few clouds
626,Concepcion Del Oro,MX,24.6333,-101.4167,54.95,13,31,2.75,scattered clouds
627,Zlitan,LY,32.4674,14.5687,56.59,63,0,20.02,clear sky
628,Puerto Escondido,MX,15.85,-97.0667,81.43,74,75,3.44,broken clouds
629,Port-Cartier,CA,50.0334,-66.8654,27.75,96,100,24.67,snow
630,Rincon,US,32.296,-81.2354,62.56,50,0,10.36,clear sky
631,Baturaja,ID,-4.1333,104.1667,82.08,82,21,0.56,light rain
632,Ghanzi,BW,-21.5667,21.7833,63.27,89,2,5.93,light rain
633,Yulara,AU,-25.2406,130.9889,78.64,29,8,12.66,clear sky
634,Macklin,CA,52.3334,-109.9348,34.14,85,52,9.42,broken clouds
635,Langenburg,DE,49.2544,9.8458,45.91,65,0,3.44,clear sky
636,Shelburne,CA,44.0787,-80.2041,34.75,97,76,9.35,broken clouds
637,Pangody,RU,65.85,74.4859,6.13,92,100,22.24,overcast clouds
638,Yanam,IN,16.7333,82.2167,80.4,79,67,2.8,broken clouds
639,Malibu,US,34.005,-118.8101,83.25,62,98,7.58,overcast clouds
640,Impfondo,CG,1.6381,18.0667,72.03,85,100,2.42,overcast clouds
641,Gaoual,GN,11.75,-13.2,78.8,51,2,4.65,clear sky
642,Mecca,SA,21.4267,39.8261,60.17,54,0,10.76,clear sky
643,Champerico,GT,14.3,-91.9167,82.87,67,96,3.51,overcast clouds
644,Jati,PK,24.3539,68.2671,75.52,60,0,8.28,clear sky
645,Irbil,IQ,36.1926,44.0106,49.82,66,40,9.22,scattered clouds
646,Alta Floresta,BR,-9.8756,-56.0861,72.12,95,85,1.1,overcast clouds
647,Clonmel,IE,52.355,-7.7039,48.42,77,5,3.78,clear sky
648,Uige,AO,-7.6087,15.0613,67.08,97,100,2.44,overcast clouds
649,Puerto Madryn,AR,-42.7692,-65.0385,57.43,59,41,12.62,scattered clouds
650,Le Port,RE,-20.9373,55.2919,74.61,80,34,3.15,scattered clouds
651,Seoul,KR,37.5683,126.9778,52.99,90,100,8.05,light rain
652,Korla,CN,41.7597,86.1469,43.63,57,1,6.04,clear sky
653,Ndjole,GA,-0.1783,10.7649,75.54,98,100,1.21,overcast clouds
654,Oussouye,SN,12.485,-16.5469,68.97,69,0,8.84,clear sky
655,Mayakonda,IN,14.2833,76.0833,74.21,81,6,2.82,clear sky
656,Sayyan,YE,15.1718,44.3244,57.76,32,0,2.53,clear sky
657,Marinette,US,45.1,-87.6307,34.25,100,100,10.36,light snow
658,Aksarka,RU,66.5606,67.7975,-0.74,96,93,5.21,overcast clouds
659,Auki,SB,-8.7676,160.7034,82.9,79,92,4.43,overcast clouds
660,Gurgentepe,TR,40.7883,37.6017,30.09,90,71,5.59,broken clouds
661,Galesong,ID,-5.3166,119.3661,86.02,75,100,2.73,overcast clouds
662,Middelburg,ZA,-25.7751,29.4648,56.77,93,100,4.07,overcast clouds
663,Alenquer,BR,-1.9417,-54.7383,75.54,89,23,3.42,few clouds
664,Kuusamo,FI,65.9667,29.1833,21.24,86,100,12.66,light snow
665,Ntcheu,MW,-14.8203,34.6359,63.93,89,74,0.63,broken clouds
666,Sabancuy,MX,18.9667,-91.1833,71.92,55,14,12.21,few clouds
667,Vanavara,RU,60.34,102.2797,16.75,91,92,4.81,overcast clouds
668,Tateyama,JP,34.9833,139.8667,64.33,80,100,25.93,light rain
669,Adilcevaz,TR,38.8039,42.7342,25.59,86,100,5.41,light snow
670,Solnechnyy,RU,50.7214,136.6319,30.04,86,100,7.02,overcast clouds
671,Pahrump,US,36.2083,-115.9839,84.25,15,99,5.64,overcast clouds
672,Asuncion,PY,-25.3007,-57.6359,62.04,82,0,0.0,clear sky
673,Businga,CD,3.3333,20.8833,70.16,97,98,0.72,overcast clouds
674,Robertsport,LR,6.7533,-11.3686,79.86,82,100,5.26,moderate rain
675,Tenenkou,ML,14.4572,-4.9169,87.76,32,60,3.85,broken clouds
676,Santo Domingo,DO,18.5001,-69.9886,74.84,94,20,5.75,few clouds
677,Karratha,AU,-20.7377,116.8463,89.31,55,24,7.54,few clouds
678,Dzaoudzi,YT,-12.7887,45.2699,80.49,89,0,5.75,clear sky
679,Grand Gaube,MU,-20.0064,57.6608,76.37,87,6,11.36,clear sky
680,Neiafu,TO,-18.65,-173.9833,81.28,83,100,8.05,overcast clouds
681,Venice,US,27.0998,-82.4543,70.99,60,100,12.66,overcast clouds
682,Kloulklubed,PW,7.0419,134.2556,82.9,77,63,16.2,broken clouds
683,Great Yarmouth,GB,52.6083,1.7305,41.41,73,0,4.81,clear sky
684,Burgas,BG,42.5061,27.4678,39.31,81,6,8.05,clear sky
685,Yaan,NG,7.3833,8.5667,78.55,49,80,5.41,broken clouds
686,Kandrian,PG,-6.2167,149.55,89.91,57,77,7.94,broken clouds
687,Jamame,SO,0.0722,42.7506,79.14,86,34,5.46,scattered clouds
688,Baft,IR,29.234,56.6057,51.8,37,0,8.12,clear sky
